sample_id	sample_name	index	index2	plate	taxon	location	country	latitude	longitude	well_letter	well_number	mean_aim_genotype	aim_taxon	pca_taxon	tree_taxon
GH_01	GH_01	ATCACGTT	CCTATCCT	3	gambiae	Obuasi	Ghana			A	1	0.0	gambiae	gambiae	gambiae
GH_02	GH_02	CGATGTTT	CCTATCCT	3	gambiae	Obuasi	Ghana			A	2	0.0	gambiae	gambiae	gambiae
GH_04	GH_04	TGACCACT	CCTATCCT	3	gambiae	Obuasi	Ghana			A	4	0.058823529411764705	gambiae	unassigned	gambiae
GH_05	GH_05	ACAGTGGT	CCTATCCT	3	gambiae	Obuasi	Ghana			A	5	0.10526315789473684	gambiae	gambiae	gambiae
GH_06	GH_06	GCCAATGT	CCTATCCT	3	gambiae	Obuasi	Ghana			A	6	0.0	gambiae	gambiae	gambiae
GH_07	GH_07	CAGATCTG	CCTATCCT	3	unassigned	Obuasi	Ghana			A	7			bissau	gambiae
GH_11	GH_11	GGCTACAG	CCTATCCT	3	gambiae	Obuasi	Ghana			A	11	0.3333333333333333	gambiae	gambiae	gambiae
GH_13	GH_13	TGGTTGTT	CCTATCCT	3	gambiae	Obuasi	Ghana			B	1	0.045454545454545456	gambiae	gambiae	gambiae
GH_14	GH_14	TCTCGGTT	CCTATCCT	3	gambiae	Obuasi	Ghana			B	2	0.0	gambiae	gambiae	gambiae
GH_15	GH_15	TAAGCGTT	CCTATCCT	3	gambiae	Obuasi	Ghana			B	3	0.09523809523809523	gambiae	gambiae	gambiae
GH_16	GH_16	TCCGTCTT	CCTATCCT	3	gambiae	Obuasi	Ghana			B	4	0.0	gambiae	gambiae	gambiae
GH_17	GH_17	TGTACCTT	CCTATCCT	3	gambiae	Obuasi	Ghana			B	5	0.14285714285714285	gambiae	gambiae	gambiae
GH_18	GH_18	TTCTGTGT	CCTATCCT	3	gambiae	Obuasi	Ghana			B	6	0.0	gambiae	unassigned	gambiae
GH_19	GH_19	TCTGCTGT	CCTATCCT	3	gambiae	Obuasi	Ghana			B	7	0.0	gambiae	gambiae	gambiae
GH_20	GH_20	TTGGAGGT	CCTATCCT	3	gambiae	Obuasi	Ghana			B	8	0.0	gambiae	bissau	gambiae
GH_21	GH_21	TCGAGCGT	CCTATCCT	3	gambiae	Obuasi	Ghana			B	9	0.0	gambiae	gambiae	gambiae
GH_22	GH_22	TGATACGT	CCTATCCT	3	gambiae	Obuasi	Ghana			B	10	0.0	gambiae	gambiae	gambiae
GH_25	GH_25	TGCGATCT	CCTATCCT	3	gambiae	Obuasi	Ghana			C	1	0.0	gambiae	gambiae	gambiae
GH_26	GH_26	TTCCTGCT	CCTATCCT	3	gambiae	Obuasi	Ghana			C	2	0.0	gambiae	gambiae	gambiae
GH_27	GH_27	TAGTGACT	CCTATCCT	3	gambiae	Obuasi	Ghana			C	3	0.0	gambiae	gambiae	gambiae
GH_28	GH_28	TACAGGAT	CCTATCCT	3	gambiae	Obuasi	Ghana			C	4	0.0	gambiae	gambiae	gambiae
GH_29	GH_29	TCCTCAAT	CCTATCCT	3	gambiae	Obuasi	Ghana			C	5	0.0	gambiae	gambiae	gambiae
GH_30	GH_30	TGTGGTTG	CCTATCCT	3	gambiae	Obuasi	Ghana			C	6	0.0	gambiae	gambiae	gambiae
GH_32	GH_32	TTCCATTG	CCTATCCT	3	gambiae	Obuasi	Ghana			C	8	0.0	gambiae	gambiae	gambiae
GH_33	GH_33	TCGAAGTG	CCTATCCT	3	gambiae	Obuasi	Ghana			C	9	0.0	gambiae	gambiae	gambiae
GH_34	GH_34	TAACGCTG	CCTATCCT	3	gambiae	Obuasi	Ghana			C	10	0.0	gambiae	gambiae	gambiae
GH_35	GH_35	TTGGTATG	CCTATCCT	3	gambiae	Obuasi	Ghana			C	11	0.0	gambiae	gambiae	gambiae
GH_37	GH_37	TACTTCGG	CCTATCCT	3	gambiae	Obuasi	Ghana			D	1	0.0	gambiae	gambiae	gambiae
GH_38	GH_38	TCTCACGG	CCTATCCT	3	gambiae	Obuasi	Ghana			D	2	0.045454545454545456	gambiae	gambiae	gambiae
GH_39	GH_39	TCAGGAGG	CCTATCCT	3	gambiae	Obuasi	Ghana			D	3	0.043478260869565216	gambiae	gambiae	gambiae
GH_40_low_vol	GH_40_low_vol	TAAGTTCG	CCTATCCT	3	gambiae	Obuasi	Ghana			D	4	0.0	gambiae	gambiae	gambiae
GH_41	GH_41	TCCAGTCG	CCTATCCT	3	gambiae	Obuasi	Ghana			D	5	0.0	gambiae	gambiae	gambiae
GH_42	GH_42	TGTATGCG	CCTATCCT	3	gambiae	Obuasi	Ghana			D	6	0.0	gambiae	gambiae	gambiae
GH_43	GH_43	TCATTGAG	CCTATCCT	3	gambiae	Obuasi	Ghana			D	7	0.0	gambiae	gambiae	gambiae
GH_44	GH_44	TGGCTCAG	CCTATCCT	3	gambiae	Obuasi	Ghana			D	8	0.0	gambiae	gambiae	gambiae
GH_45	GH_45	TATGCCAG	CCTATCCT	3	gambiae	Obuasi	Ghana			D	9	0.0	gambiae	gambiae	gambiae
GH_46	GH_46	TCAGATTC	CCTATCCT	3	gambiae	Obuasi	Ghana			D	10	0.0	gambiae	gambiae	gambiae
GH_47	GH_47	TACTAGTC	CCTATCCT	3	gambiae	Obuasi	Ghana			D	11	0.0	gambiae	gambiae	gambiae
GH_49	GH_49	TGTCTATC	CCTATCCT	3	gambiae	Obuasi	Ghana			E	1	0.0	gambiae	gambiae	gambiae
GH_50	GH_50	TATGTGGC	CCTATCCT	3	gambiae	Obuasi	Ghana			E	2	0.0	gambiae	gambiae	gambiae
GH_52	GH_52	TCGTTAGC	CCTATCCT	3	gambiae	Obuasi	Ghana			E	4	0.045454545454545456	gambiae	gambiae	gambiae
GH_53	GH_53	TACCGAGC	CCTATCCT	3	gambiae	Obuasi	Ghana			E	5	0.0	gambiae	gambiae	gambiae
GH_54	GH_54	TGTTCTCC	CCTATCCT	3	gambiae	Obuasi	Ghana			E	6	0.0	gambiae	gambiae	gambiae
GH_55	GH_55	TTCGCACC	CCTATCCT	3	gambiae	Obuasi	Ghana			E	7	0.0	gambiae	gambiae	gambiae
GH_56	GH_56	TTGCGTAC	CCTATCCT	3	gambiae	Obuasi	Ghana			E	8	0.0	gambiae	gambiae	gambiae
GH_57	GH_57	TCTACGAC	CCTATCCT	3	gambiae	Obuasi	Ghana			E	9	0.0	gambiae	gambiae	gambiae
GH_58	GH_58	TGACAGAC	CCTATCCT	3	gambiae	Obuasi	Ghana			E	10	0.1	gambiae	gambiae	gambiae
GH_59	GH_59	TAGAACAC	CCTATCCT	3	gambiae	Obuasi	Ghana			E	11	0.045454545454545456	gambiae	gambiae	gambiae
GH_61	GH_61	TGCTGATA	CCTATCCT	3	gambiae	Obuasi	Ghana			F	1	0.0	gambiae	gambiae	gambiae
GH_62	GH_62	TAGACGGA	CCTATCCT	3	gambiae	Obuasi	Ghana			F	2	0.045454545454545456	gambiae	gambiae	gambiae
GH_63	GH_63	TGTGAAGA	CCTATCCT	3	gambiae	Obuasi	Ghana			F	3	0.0	gambiae	gambiae	gambiae
GH_64	GH_64	TCTCTTCA	CCTATCCT	3	gambiae	Obuasi	Ghana			F	4	0.0	gambiae	gambiae	gambiae
GH_66	GH_66	TGAAGCCA	CCTATCCT	3	gambiae	Obuasi	Ghana			F	6	0.0	gambiae	gambiae	gambiae
GH_67	GH_67	TACCACCA	CCTATCCT	3	gambiae	Obuasi	Ghana			F	7	0.0	gambiae	gambiae	gambiae
GH_68	GH_68	TGCGTGAA	CCTATCCT	3	gambiae	Obuasi	Ghana			F	8	0.0	gambiae	gambiae	gambiae
GH_69	GH_69	GGTGAGTT	CCTATCCT	3	gambiae	Obuasi	Ghana			F	9	0.23809523809523808	gambiae	gambiae	gambiae
GH_70	GH_70	GATCTCTT	CCTATCCT	3	gambiae	Obuasi	Ghana			F	10	0.0	gambiae	gambiae	gambiae
GH_73	GH_73	GCAACATT	CCTATCCT	3	gambiae	Obuasi	Ghana			G	1	0.0	gambiae	gambiae	gambiae
GH_74	GH_74	GGTCGTGT	CCTATCCT	3	gambiae	Obuasi	Ghana			G	2	0.0	gambiae	gambiae	gambiae
GH_75	GH_75	GAATCTGT	CCTATCCT	3	gambiae	Obuasi	Ghana			G	3	0.0	gambiae	gambiae	gambiae
GH_76	GH_76	GTACATCT	CCTATCCT	3	gambiae	Obuasi	Ghana			G	4	0.08695652173913043	gambiae	gambiae	gambiae
GH_77	GH_77	GAGGTGCT	CCTATCCT	3	gambiae	Obuasi	Ghana			G	5	0.0	gambiae	gambiae	gambiae
GH_78	GH_78	GCATGGCT	CCTATCCT	3	gambiae	Obuasi	Ghana			G	6	0.0	gambiae	gambiae	gambiae
GH_79	GH_79	GTTAGCCT	CCTATCCT	3	gambiae	Obuasi	Ghana			G	7	0.0	gambiae	gambiae	gambiae
GH_81	GH_81	GGAATGAT	CCTATCCT	3	gambiae	Obuasi	Ghana			G	9	0.08695652173913043	gambiae	gambiae	gambiae
GH_82	GH_82	GAGCCAAT	CCTATCCT	3	gambiae	Obuasi	Ghana			G	10	0.0	gambiae	gambiae	gambiae
GH_83	GH_83	GCTCCTTG	CCTATCCT	3	gambiae	Obuasi	Ghana			G	11	0.0	gambiae	gambiae	gambiae
GH_85	GH_85	GAGGATGG	CCTATCCT	3	gambiae	Obuasi	Ghana			H	1	0.0	gambiae	gambiae	gambiae
GH_86	GH_86	GTTGTCGG	CCTATCCT	3	gambiae	Obuasi	Ghana			H	2	0.0	gambiae	gambiae	gambiae
GH_87	GH_87	GGATTAGG	CCTATCCT	3	gambiae	Obuasi	Ghana			H	3	0.05	gambiae	gambiae	gambiae
GH_88	GH_88	GATAGAGG	CCTATCCT	3	gambiae	Obuasi	Ghana			H	4	0.0	gambiae	gambiae	gambiae
GH_91	GH_91	GACCTTAG	CCTATCCT	3	gambiae	Obuasi	Ghana			H	7	0.0	gambiae	gambiae	gambiae
GH_93	GH_93	GCACTGTC	CCTATCCT	3	gambiae	Obuasi	Ghana			H	9	0.0	gambiae	gambiae	gambiae
GH_95	GH_95	GATTCATC	CCTATCCT	3	gambiae	Obuasi	Ghana			H	11	0.0	gambiae	gambiae	gambiae
GM_01	GM_01	ATCACGTT	GTACTGAC	8	coluzzii	Gambia_URR	Gambia			A	1	1.5	coluzzii	coluzzii	coluzzii
GM_03	GM_03	TTAGGCAT	GTACTGAC	8	coluzzii	Gambia_URR	Gambia			A	3	1.9166666666666667	coluzzii	coluzzii	coluzzii
GM_04	GM_04	TGACCACT	GTACTGAC	8	arabiensis	Gambia_URR	Gambia			A	4	1.05	unassigned	arabiensis	arabiensis
GM_05	GM_05	ACAGTGGT	GTACTGAC	8	arabiensis	Gambia_URR	Gambia			A	5	1.1764705882352942	unassigned	arabiensis	arabiensis
GM_06	GM_06	GCCAATGT	GTACTGAC	8	coluzzii	Gambia_URR	Gambia			A	6	2.0	coluzzii	coluzzii	coluzzii
GM_09	GM_09	GATCAGCG	GTACTGAC	8	coluzzii	Gambia_URR	Gambia			A	9	1.9565217391304348	coluzzii	coluzzii	coluzzii
GM_10	GM_10	TAGCTTGT	GTACTGAC	8	coluzzii	Gambia_URR	Gambia			A	10	1.9545454545454546	coluzzii	coluzzii	coluzzii
GM_11	GM_11	GGCTACAG	GTACTGAC	8	arabiensis	Gambia_URR	Gambia			A	11	1.3125	unassigned	arabiensis	arabiensis
GM_12	GM_12	CTTGTACT	GTACTGAC	8	unassigned	Gambia_URR	Gambia			A	12	1.2142857142857142	unassigned	unassigned	arabiensis
GM_13	GM_13	TGGTTGTT	GTACTGAC	8	arabiensis	Gambia_URR	Gambia			B	1	1.35	unassigned	arabiensis	arabiensis
GM_14	GM_14	TCTCGGTT	GTACTGAC	8	coluzzii	Gambia_URR	Gambia			B	2	1.9583333333333333	coluzzii	coluzzii	coluzzii
GM_16	GM_16	TCCGTCTT	GTACTGAC	8	arabiensis	Gambia_URR	Gambia			B	4	1.15	unassigned	arabiensis	arabiensis
GM_17	GM_17	TGTACCTT	GTACTGAC	8	unassigned	Gambia_URR	Gambia			B	5	0.3333333333333333	gambiae	unassigned	coluzzii
GM_18	GM_18	TTCTGTGT	GTACTGAC	8	unassigned	Gambia_URR	Gambia			B	6	0.8333333333333334	unassigned	bissau	gambiae
GM_19	GM_19	TCTGCTGT	GTACTGAC	8	arabiensis	Gambia_URR	Gambia			B	7	1.1176470588235294	unassigned	arabiensis	arabiensis
GM_20	GM_20	TTGGAGGT	GTACTGAC	8	arabiensis	Gambia_URR	Gambia			B	8	1.0769230769230769	unassigned	arabiensis	arabiensis
GM_21	GM_21	TCGAGCGT	GTACTGAC	8	coluzzii	Gambia_URR	Gambia			B	9	1.9444444444444444	coluzzii	coluzzii	coluzzii
GM_22	GM_22	TGATACGT	GTACTGAC	8	arabiensis	Gambia_URR	Gambia			B	10	1.2	unassigned	arabiensis	arabiensis
GM_23	GM_23	TGCATAGT	GTACTGAC	8	coluzzii	Gambia_URR	Gambia			B	11	1.95	coluzzii	coluzzii	coluzzii
GM_25	GM_25	TGCGATCT	GTACTGAC	8	coluzzii	Gambia_URR	Gambia			C	1	1.8181818181818181	coluzzii	coluzzii	coluzzii
GM_26	GM_26	TTCCTGCT	GTACTGAC	8	arabiensis	Gambia_URR	Gambia			C	2	1.2105263157894737	unassigned	arabiensis	arabiensis
GM_27	GM_27	TAGTGACT	GTACTGAC	8	coluzzii	Gambia_URR	Gambia			C	3	1.6111111111111112	coluzzii	coluzzii	coluzzii
GM_29	GM_29	TCCTCAAT	GTACTGAC	8	arabiensis	Gambia_URR	Gambia			C	5	1.0	unassigned	arabiensis	arabiensis
GM_30	GM_30	TGTGGTTG	GTACTGAC	8	arabiensis	Gambia_URR	Gambia			C	6	0.9411764705882353	unassigned	arabiensis	arabiensis
GM_32	GM_32	TTCCATTG	GTACTGAC	8	arabiensis	Gambia_URR	Gambia			C	8	1.1176470588235294	unassigned	arabiensis	arabiensis
GM_33	GM_33	TCGAAGTG	GTACTGAC	8	gambiae	Gambia_URR	Gambia			C	9	0.17647058823529413	gambiae	bissau	gambiae
GM_35	GM_35	TTGGTATG	GTACTGAC	8	arabiensis	Gambia_URR	Gambia			C	11	1.1428571428571428	unassigned	arabiensis	arabiensis
GM_37	GM_37	TACTTCGG	GTACTGAC	8	arabiensis	Gambia_URR	Gambia			D	1	1.15	unassigned	arabiensis	arabiensis
GM_38	GM_38	TCTCACGG	GTACTGAC	8	arabiensis	Gambia_URR	Gambia			D	2	0.9444444444444444	unassigned	arabiensis	arabiensis
GM_40	GM_40	TAAGTTCG	GTACTGAC	8	arabiensis	Gambia_URR	Gambia			D	4	1.2105263157894737	unassigned	arabiensis	arabiensis
GM_42	GM_42	TGTATGCG	GTACTGAC	8	unassigned	Gambia_URR	Gambia			D	6	1.3076923076923077	unassigned	unassigned	arabiensis
GM_43	GM_43	TCATTGAG	GTACTGAC	8	coluzzii	Gambia_URR	Gambia			D	7	2.0	coluzzii	coluzzii	coluzzii
GM_44	GM_44	TGGCTCAG	GTACTGAC	8	unassigned	Gambia_URR	Gambia			D	8	1.2941176470588236	unassigned	unassigned	arabiensis
GM_45	GM_45	TATGCCAG	GTACTGAC	8	arabiensis	Gambia_URR	Gambia			D	9	1.0	unassigned	arabiensis	arabiensis
GM_50	GM_50	TATGTGGC	GTACTGAC	8	arabiensis	Gambia_URR	Gambia			E	2	1.1428571428571428	unassigned	arabiensis	arabiensis
GM_51	GM_51	TTACTCGC	GTACTGAC	8	arabiensis	Gambia_URR	Gambia			E	3	1.1578947368421053	unassigned	arabiensis	arabiensis
GM_52	GM_52	TCGTTAGC	GTACTGAC	8	coluzzii	Gambia_URR	Gambia			E	4	2.0	coluzzii	coluzzii	coluzzii
GM_53	GM_53	TACCGAGC	GTACTGAC	8	arabiensis	Gambia_URR	Gambia			E	5	1.2941176470588236	unassigned	arabiensis	arabiensis
GM_54	GM_54	TGTTCTCC	GTACTGAC	8	unassigned	Gambia_URR	Gambia			E	6	0.6842105263157895	unassigned	bissau	gambiae
GM_55	GM_55	TTCGCACC	GTACTGAC	8	unassigned	Gambia_URR	Gambia			E	7	1.4705882352941178	unassigned	unassigned	arabiensis
GM_56	GM_56	TTGCGTAC	GTACTGAC	8	unassigned	Gambia_URR	Gambia			E	8	1.3571428571428572	unassigned	unassigned	arabiensis
GM_58	GM_58	TGACAGAC	GTACTGAC	8	arabiensis	Gambia_URR	Gambia			E	10	1.1	unassigned	arabiensis	arabiensis
GM_59	GM_59	TAGAACAC	GTACTGAC	8	arabiensis	Gambia_URR	Gambia			E	11	1.1333333333333333	unassigned	arabiensis	arabiensis
GM_60	GM_60	TCATCCTA	GTACTGAC	8	unassigned	Gambia_URR	Gambia			E	12	1.5333333333333334	coluzzii	unassigned	arabiensis
GM_62	GM_62	TAGACGGA	GTACTGAC	8	coluzzii	Gambia_URR	Gambia			F	2	1.9166666666666667	coluzzii	coluzzii	coluzzii
GM_63	GM_63	TGTGAAGA	GTACTGAC	8	arabiensis	Gambia_URR	Gambia			F	3	1.368421052631579	unassigned	arabiensis	arabiensis
GM_64	GM_64	TCTCTTCA	GTACTGAC	8	arabiensis	Gambia_URR	Gambia			F	4	1.1818181818181819	unassigned	arabiensis	arabiensis
GM_66	GM_66	TGAAGCCA	GTACTGAC	8	unassigned	Gambia_URR	Gambia			F	6	1.15	unassigned	arabiensis	bissau
GM_68	GM_68	TGCGTGAA	GTACTGAC	8	unassigned	Gambia_URR	Gambia			F	8	1.0714285714285714	unassigned	bissau	arabiensis
GM_69	GM_69	GGTGAGTT	GTACTGAC	8	arabiensis	Gambia_URR	Gambia			F	9	1.1428571428571428	unassigned	arabiensis	arabiensis
GM_70	GM_70	GATCTCTT	GTACTGAC	8	coluzzii	Gambia_URR	Gambia			F	10	2.0	coluzzii	coluzzii	coluzzii
GM_73	GM_73	GCAACATT	GTACTGAC	8	coluzzii	Gambia_URR	Gambia			G	1	1.9583333333333333	coluzzii	coluzzii	coluzzii
GM_74	GM_74	GGTCGTGT	GTACTGAC	8	arabiensis	Gambia_URR	Gambia			G	2	0.9473684210526315	unassigned	arabiensis	arabiensis
GM_75	GM_75	GAATCTGT	GTACTGAC	8	arabiensis	Gambia_URR	Gambia			G	3	1.1578947368421053	unassigned	arabiensis	arabiensis
GM_76	GM_76	GTACATCT	GTACTGAC	8	coluzzii	Gambia_URR	Gambia			G	4	1.9583333333333333	coluzzii	coluzzii	coluzzii
GM_77	GM_77	GAGGTGCT	GTACTGAC	8	gambiae	Gambia_URR	Gambia			G	5	0.25	gambiae	gambiae	gambiae
GM_78	GM_78	GCATGGCT	GTACTGAC	8	arabiensis	Gambia_URR	Gambia			G	6	1.2857142857142858	unassigned	arabiensis	arabiensis
GM_79	GM_79	GTTAGCCT	GTACTGAC	8	gambiae	Gambia_URR	Gambia			G	7	0.09523809523809523	gambiae	gambiae	gambiae
GM_81	GM_81	GGAATGAT	GTACTGAC	8	unassigned	Gambia_URR	Gambia			G	9	1.1764705882352942	unassigned	arabiensis	melas
GM_85	GM_85	GAGGATGG	GTACTGAC	8	arabiensis	Gambia_URR	Gambia			H	1	1.1111111111111112	unassigned	arabiensis	arabiensis
GM_86	GM_86	GTTGTCGG	GTACTGAC	8	coluzzii	Gambia_URR	Gambia			H	2	1.9583333333333333	coluzzii	coluzzii	coluzzii
GM_87	GM_87	GGATTAGG	GTACTGAC	8	arabiensis	Gambia_URR	Gambia			H	3	1.25	unassigned	arabiensis	arabiensis
GM_88	GM_88	GATAGAGG	GTACTGAC	8	arabiensis	Gambia_URR	Gambia			H	4	1.0	unassigned	arabiensis	arabiensis
GM_89	GM_89	GTGTGTCG	GTACTGAC	8	arabiensis	Gambia_URR	Gambia			H	5	1.2105263157894737	unassigned	arabiensis	arabiensis
GM_91	GM_91	GACCTTAG	GTACTGAC	8	arabiensis	Gambia_URR	Gambia			H	7	1.0	unassigned	arabiensis	arabiensis
GM_92	GM_92	GCCTGTTC	GTACTGAC	8	arabiensis	Gambia_URR	Gambia			H	8	1.2222222222222223	unassigned	arabiensis	arabiensis
GM_95	GM_95	GATTCATC	GTACTGAC	8	unassigned	Gambia_URR	Gambia			H	11	1.1875	unassigned	arabiensis	melas
VK7_dead_01	VK7_dead_01	ATCACGTT	TATCCTCT	10	coluzzii	VK7	Burkina Faso			A	1	2.0	coluzzii	coluzzii	coluzzii
VK7_dead_02	VK7_dead_02	CGATGTTT	TATCCTCT	10	coluzzii	VK7	Burkina Faso			A	2	2.0	coluzzii	coluzzii	coluzzii
VK7_dead_03	VK7_dead_03	TTAGGCAT	TATCCTCT	10	coluzzii	VK7	Burkina Faso			A	3	2.0	coluzzii	coluzzii	coluzzii
VK7_dead_04	VK7_dead_04	TGACCACT	TATCCTCT	10	coluzzii	VK7	Burkina Faso			A	4	2.0	coluzzii	coluzzii	coluzzii
VK7_dead_05	VK7_dead_05	ACAGTGGT	TATCCTCT	10	coluzzii	VK7	Burkina Faso			A	5	2.0	coluzzii	coluzzii	coluzzii
VK7_dead_06	VK7_dead_06	GCCAATGT	TATCCTCT	10	coluzzii	VK7	Burkina Faso			A	6	2.0	coluzzii	coluzzii	coluzzii
VK7_alive_01	VK7_alive_01	CAGATCTG	TATCCTCT	10	coluzzii	VK7	Burkina Faso			A	7	2.0	coluzzii	coluzzii	coluzzii
VK7_alive_04	VK7_alive_04	TAGCTTGT	TATCCTCT	10	coluzzii	VK7	Burkina Faso			A	10	2.0	coluzzii	coluzzii	coluzzii
VK7_alive_06	VK7_alive_06	CTTGTACT	TATCCTCT	10	coluzzii	VK7	Burkina Faso			A	12	2.0	coluzzii	coluzzii	coluzzii
VK7_dead_07	VK7_dead_07	TGGTTGTT	TATCCTCT	10	coluzzii	VK7	Burkina Faso			B	1	2.0	coluzzii	coluzzii	coluzzii
VK7_dead_08	VK7_dead_08	TCTCGGTT	TATCCTCT	10	coluzzii	VK7	Burkina Faso			B	2	2.0	coluzzii	coluzzii	coluzzii
VK7_dead_09	VK7_dead_09	TAAGCGTT	TATCCTCT	10	coluzzii	VK7	Burkina Faso			B	3	2.0	coluzzii	coluzzii	coluzzii
VK7_dead_10	VK7_dead_10	TCCGTCTT	TATCCTCT	10	coluzzii	VK7	Burkina Faso			B	4	2.0	coluzzii	coluzzii	coluzzii
VK7_dead_11	VK7_dead_11	TGTACCTT	TATCCTCT	10	coluzzii	VK7	Burkina Faso			B	5	2.0	coluzzii	coluzzii	coluzzii
VK7_dead_12	VK7_dead_12	TTCTGTGT	TATCCTCT	10	coluzzii	VK7	Burkina Faso			B	6	2.0	coluzzii	coluzzii	coluzzii
VK7_alive_07	VK7_alive_07	TCTGCTGT	TATCCTCT	10	coluzzii	VK7	Burkina Faso			B	7	2.0	coluzzii	coluzzii	coluzzii
VK7_alive_08	VK7_alive_08	TTGGAGGT	TATCCTCT	10	coluzzii	VK7	Burkina Faso			B	8	2.0	coluzzii	coluzzii	coluzzii
VK7_alive_10	VK7_alive_10	TGATACGT	TATCCTCT	10	coluzzii	VK7	Burkina Faso			B	10	2.0	coluzzii	coluzzii	coluzzii
VK7_alive_12	VK7_alive_12	TTGACTCT	TATCCTCT	10	coluzzii	VK7	Burkina Faso			B	12	2.0	coluzzii	coluzzii	coluzzii
VK7_dead_13	VK7_dead_13	TGCGATCT	TATCCTCT	10	coluzzii	VK7	Burkina Faso			C	1	2.0	coluzzii	coluzzii	coluzzii
VK7_dead_14	VK7_dead_14	TTCCTGCT	TATCCTCT	10	coluzzii	VK7	Burkina Faso			C	2	2.0	coluzzii	coluzzii	coluzzii
VK7_dead_15	VK7_dead_15	TAGTGACT	TATCCTCT	10	coluzzii	VK7	Burkina Faso			C	3	1.9166666666666667	coluzzii	coluzzii	coluzzii
VK7_dead_16	VK7_dead_16	TACAGGAT	TATCCTCT	10	coluzzii	VK7	Burkina Faso			C	4	2.0	coluzzii	coluzzii	coluzzii
VK7_dead_17	VK7_dead_17	TCCTCAAT	TATCCTCT	10	coluzzii	VK7	Burkina Faso			C	5	2.0	coluzzii	coluzzii	coluzzii
VK7_alive_14	VK7_alive_14	TTCCATTG	TATCCTCT	10	coluzzii	VK7	Burkina Faso			C	8	2.0	coluzzii	coluzzii	coluzzii
VK7_alive_15	VK7_alive_15	TCGAAGTG	TATCCTCT	10	coluzzii	VK7	Burkina Faso			C	9	2.0	coluzzii	coluzzii	coluzzii
VK7_alive_16	VK7_alive_16	TAACGCTG	TATCCTCT	10	coluzzii	VK7	Burkina Faso			C	10	2.0	coluzzii	coluzzii	coluzzii
VK7_alive_18	VK7_alive_18	TGAACTGG	TATCCTCT	10	coluzzii	VK7	Burkina Faso			C	12	2.0	coluzzii	coluzzii	coluzzii
VK7_dead_18	VK7_dead_18	TACTTCGG	TATCCTCT	10	coluzzii	VK7	Burkina Faso			D	1	2.0	coluzzii	coluzzii	coluzzii
VK7_dead_19	VK7_dead_19	TCTCACGG	TATCCTCT	10	coluzzii	VK7	Burkina Faso			D	2	2.0	coluzzii	coluzzii	coluzzii
VK7_dead_20	VK7_dead_20	TCAGGAGG	TATCCTCT	10	coluzzii	VK7	Burkina Faso			D	3	2.0	coluzzii	coluzzii	coluzzii
VK7_dead_21	VK7_dead_21	TAAGTTCG	TATCCTCT	10	coluzzii	VK7	Burkina Faso			D	4	2.0	coluzzii	coluzzii	coluzzii
VK7_dead_22	VK7_dead_22	TCCAGTCG	TATCCTCT	10	coluzzii	VK7	Burkina Faso			D	5	2.0	coluzzii	coluzzii	coluzzii
VK7_alive_19	VK7_alive_19	TCATTGAG	TATCCTCT	10	coluzzii	VK7	Burkina Faso			D	7	2.0	coluzzii	coluzzii	coluzzii
VK7_alive_20	VK7_alive_20	TGGCTCAG	TATCCTCT	10	coluzzii	VK7	Burkina Faso			D	8	2.0	coluzzii	coluzzii	coluzzii
VK7_alive_22	VK7_alive_22	TCAGATTC	TATCCTCT	10	coluzzii	VK7	Burkina Faso			D	10	2.0	coluzzii	coluzzii	coluzzii
VK7_alive_24	VK7_alive_24	TTCAGCTC	TATCCTCT	10	coluzzii	VK7	Burkina Faso			D	12	2.0	coluzzii	coluzzii	coluzzii
VK7_dead_23	VK7_dead_23	TGTCTATC	TATCCTCT	10	coluzzii	VK7	Burkina Faso			E	1	2.0	coluzzii	coluzzii	coluzzii
VK7_dead_24	VK7_dead_24	TATGTGGC	TATCCTCT	10	coluzzii	VK7	Burkina Faso			E	2	2.0	coluzzii	coluzzii	coluzzii
VK7_dead_25	VK7_dead_25	TTACTCGC	TATCCTCT	10	coluzzii	VK7	Burkina Faso			E	3	1.8421052631578947	coluzzii	coluzzii	coluzzii
VK7_dead_26	VK7_dead_26	TCGTTAGC	TATCCTCT	10	coluzzii	VK7	Burkina Faso			E	4	2.0	coluzzii	coluzzii	coluzzii
VK7_alive_25	VK7_alive_25	TTCGCACC	TATCCTCT	10	coluzzii	VK7	Burkina Faso			E	7	2.0	coluzzii	coluzzii	coluzzii
VK7_alive_26	VK7_alive_26	TTGCGTAC	TATCCTCT	10	coluzzii	VK7	Burkina Faso			E	8	2.0	coluzzii	coluzzii	coluzzii
VK7_alive_28	VK7_alive_28	TGACAGAC	TATCCTCT	10	coluzzii	VK7	Burkina Faso			E	10	2.0	coluzzii	coluzzii	coluzzii
VK7_alive_30	VK7_alive_30	TCATCCTA	TATCCTCT	10	coluzzii	VK7	Burkina Faso			E	12	2.0	coluzzii	coluzzii	coluzzii
VK7_dead_28	VK7_dead_28	TGCTGATA	TATCCTCT	10	coluzzii	VK7	Burkina Faso			F	1	2.0	coluzzii	coluzzii	coluzzii
VK7_dead_29	VK7_dead_29	TAGACGGA	TATCCTCT	10	coluzzii	VK7	Burkina Faso			F	2	2.0	coluzzii	coluzzii	coluzzii
VK7_dead_30	VK7_dead_30	TGTGAAGA	TATCCTCT	10	coluzzii	VK7	Burkina Faso			F	3	2.0	coluzzii	coluzzii	coluzzii
VK7_dead_31	VK7_dead_31	TCTCTTCA	TATCCTCT	10	coluzzii	VK7	Burkina Faso			F	4	2.0	coluzzii	coluzzii	coluzzii
VK7_dead_32	VK7_dead_32	TTGTTCCA	TATCCTCT	10	coluzzii	VK7	Burkina Faso			F	5	2.0	coluzzii	coluzzii	coluzzii
VK7_alive_32	VK7_alive_32	TGCGTGAA	TATCCTCT	10	coluzzii	VK7	Burkina Faso			F	8	2.0	coluzzii	coluzzii	coluzzii
VK7_alive_34	VK7_alive_34	GATCTCTT	TATCCTCT	10	coluzzii	VK7	Burkina Faso			F	10	2.0	coluzzii	coluzzii	coluzzii
VK7_alive_35	VK7_alive_35	GTGTCCTT	TATCCTCT	10	coluzzii	VK7	Burkina Faso			F	11	2.0	coluzzii	coluzzii	coluzzii
VK7_alive_36	VK7_alive_36	GACGGATT	TATCCTCT	10	coluzzii	VK7	Burkina Faso			F	12	2.0	coluzzii	coluzzii	coluzzii
VK7_dead_33	VK7_dead_33	GCAACATT	TATCCTCT	10	coluzzii	VK7	Burkina Faso			G	1	2.0	coluzzii	coluzzii	coluzzii
VK7_dead_34	VK7_dead_34	GGTCGTGT	TATCCTCT	10	coluzzii	VK7	Burkina Faso			G	2	2.0	coluzzii	coluzzii	coluzzii
VK7_dead_35	VK7_dead_35	GAATCTGT	TATCCTCT	10	coluzzii	VK7	Burkina Faso			G	3	2.0	coluzzii	coluzzii	coluzzii
VK7_dead_36	VK7_dead_36	GTACATCT	TATCCTCT	10	coluzzii	VK7	Burkina Faso			G	4	2.0	coluzzii	coluzzii	coluzzii
VK7_dead_37	VK7_dead_37	GAGGTGCT	TATCCTCT	10	coluzzii	VK7	Burkina Faso			G	5	2.0	coluzzii	coluzzii	coluzzii
VK7_alive_37	VK7_alive_37	GTTAGCCT	TATCCTCT	10	coluzzii	VK7	Burkina Faso			G	7	2.0	coluzzii	coluzzii	coluzzii
VK7_alive_38	VK7_alive_38	GTCGCTAT	TATCCTCT	10	coluzzii	VK7	Burkina Faso			G	8	2.0	coluzzii	coluzzii	coluzzii
VK7_alive_40	VK7_alive_40	GAGCCAAT	TATCCTCT	10	coluzzii	VK7	Burkina Faso			G	10	2.0	coluzzii	coluzzii	coluzzii
VK7_alive_41	VK7_alive_41	GCTCCTTG	TATCCTCT	10	coluzzii	VK7	Burkina Faso			G	11	2.0	coluzzii	coluzzii	coluzzii
VK7_alive_42	VK7_alive_42	GTAAGGTG	TATCCTCT	10	coluzzii	VK7	Burkina Faso			G	12	2.0	coluzzii	coluzzii	coluzzii
VK7_dead_38	VK7_dead_38	GAGGATGG	TATCCTCT	10	coluzzii	VK7	Burkina Faso			H	1	2.0	coluzzii	coluzzii	coluzzii
VK7_dead_39	VK7_dead_39	GTTGTCGG	TATCCTCT	10	coluzzii	VK7	Burkina Faso			H	2	2.0	coluzzii	coluzzii	coluzzii
VK7_dead_40	VK7_dead_40	GGATTAGG	TATCCTCT	10	coluzzii	VK7	Burkina Faso			H	3	2.0	coluzzii	coluzzii	coluzzii
VK7_dead_41	VK7_dead_41	GATAGAGG	TATCCTCT	10	coluzzii	VK7	Burkina Faso			H	4	2.0	coluzzii	coluzzii	coluzzii
VK7_dead_42	VK7_dead_42	GTGTGTCG	TATCCTCT	10	coluzzii	VK7	Burkina Faso			H	5	2.0	coluzzii	coluzzii	coluzzii
VK7_alive_43	VK7_alive_43	GACCTTAG	TATCCTCT	10	coluzzii	VK7	Burkina Faso			H	7	2.0	coluzzii	coluzzii	coluzzii
VK7_alive_44	VK7_alive_44	GCCTGTTC	TATCCTCT	10	coluzzii	VK7	Burkina Faso			H	8	2.0	coluzzii	coluzzii	coluzzii
VK7_alive_45	VK7_alive_45	GCACTGTC	TATCCTCT	10	coluzzii	VK7	Burkina Faso			H	9	2.0	coluzzii	coluzzii	coluzzii
VK7_alive_46	VK7_alive_46	GCTAACTC	TATCCTCT	10	coluzzii	VK7	Burkina Faso			H	10	2.0	coluzzii	coluzzii	coluzzii
VK7_alive_47	VK7_alive_47	GATTCATC	TATCCTCT	10	coluzzii	VK7	Burkina Faso			H	11	2.0	coluzzii	coluzzii	coluzzii
Siaya_Delta_Dead_01	Siaya_Delta_Dead_01	ATCACGTT	GTAAGGAG	12	gcx3	Siaya	Kenya			A	1	1.0833333333333333	unassigned	gcx3	gcx3
Siaya_Delta_Dead_02	Siaya_Delta_Dead_02	CGATGTTT	GTAAGGAG	12	gcx3	Siaya	Kenya			A	2	0.7916666666666666	unassigned	gcx3	gcx3
Siaya_Delta_Dead_03	Siaya_Delta_Dead_03	TTAGGCAT	GTAAGGAG	12	gcx3	Siaya	Kenya			A	3	0.6521739130434783	unassigned	gcx3	gcx3
Siaya_Delta_Dead_04	Siaya_Delta_Dead_04	TGACCACT	GTAAGGAG	12	gcx3	Siaya	Kenya			A	4	1.1666666666666667	unassigned	gcx3	gcx3
Siaya_Delta_Dead_05	Siaya_Delta_Dead_05	ACAGTGGT	GTAAGGAG	12	unassigned	Siaya	Kenya			A	5	0.625	unassigned	gcx3	gambiae
Siaya_Delta_Dead_06	Siaya_Delta_Dead_06	GCCAATGT	GTAAGGAG	12	gcx3	Siaya	Kenya			A	6	1.0833333333333333	unassigned	gcx3	gcx3
Siaya_Delta_Dead_07	Siaya_Delta_Dead_07	CAGATCTG	GTAAGGAG	12	unassigned	Siaya	Kenya			A	7	0.8666666666666667	unassigned	gcx3	arabiensis
Siaya_Delta_Dead_08	Siaya_Delta_Dead_08	ACTTGATG	GTAAGGAG	12	gcx3	Siaya	Kenya			A	8	0.7916666666666666	unassigned	gcx3	gcx3
Siaya_Delta_Dead_10	Siaya_Delta_Dead_10	TAGCTTGT	GTAAGGAG	12	gcx3	Siaya	Kenya			A	10	0.9565217391304348	unassigned	gcx3	gcx3
Siaya_Delta_Dead_11	Siaya_Delta_Dead_11	GGCTACAG	GTAAGGAG	12	unassigned	Siaya	Kenya			A	11	0.6521739130434783	unassigned	gcx3	bissau
Siaya_Delta_Dead_12	Siaya_Delta_Dead_12	CTTGTACT	GTAAGGAG	12	gcx3	Siaya	Kenya			A	12	0.8260869565217391	unassigned	gcx3	gcx3
Siaya_Delta_Dead_13	Siaya_Delta_Dead_13	TGGTTGTT	GTAAGGAG	12	gcx3	Siaya	Kenya			B	1	0.9565217391304348	unassigned	gcx3	gcx3
Siaya_Delta_Dead_14	Siaya_Delta_Dead_14	TCTCGGTT	GTAAGGAG	12	unassigned	Siaya	Kenya			B	2	0.625	unassigned	gcx3	gambiae
Siaya_Delta_Dead_15	Siaya_Delta_Dead_15	TAAGCGTT	GTAAGGAG	12	gcx3	Siaya	Kenya			B	3	1.1304347826086956	unassigned	gcx3	gcx3
Siaya_Delta_Dead_16	Siaya_Delta_Dead_16	TCCGTCTT	GTAAGGAG	12	gcx3	Siaya	Kenya			B	4	0.8695652173913043	unassigned	gcx3	gcx3
Siaya_Delta_Dead_17	Siaya_Delta_Dead_17	TGTACCTT	GTAAGGAG	12	gcx3	Siaya	Kenya			B	5	0.9565217391304348	unassigned	gcx3	gcx3
Siaya_Delta_Dead_18	Siaya_Delta_Dead_18	TTCTGTGT	GTAAGGAG	12	gcx3	Siaya	Kenya			B	6	1.1304347826086956	unassigned	gcx3	gcx3
Siaya_Delta_Dead_19	Siaya_Delta_Dead_19	TCTGCTGT	GTAAGGAG	12	unassigned	Siaya	Kenya			B	7	0.6956521739130435	unassigned	gcx3	gambiae
Siaya_Delta_Dead_20	Siaya_Delta_Dead_20	TTGGAGGT	GTAAGGAG	12	gcx3	Siaya	Kenya			B	8	1.0	unassigned	gcx3	gcx3
Siaya_Delta_Dead_22	Siaya_Delta_Dead_22	TGATACGT	GTAAGGAG	12	gcx3	Siaya	Kenya			B	10	0.9130434782608695	unassigned	gcx3	gcx3
Siaya_Delta_Dead_23	Siaya_Delta_Dead_23	TGCATAGT	GTAAGGAG	12	gcx3	Siaya	Kenya			B	11	1.1304347826086956	unassigned	gcx3	gcx3
Siaya_Delta_Dead_24	Siaya_Delta_Dead_24	TTGACTCT	GTAAGGAG	12	gcx3	Siaya	Kenya			B	12	0.7916666666666666	unassigned	gcx3	gcx3
Siaya_Delta_Dead_25	Siaya_Delta_Dead_25	TGCGATCT	GTAAGGAG	12	gcx3	Siaya	Kenya			C	1	0.9130434782608695	unassigned	gcx3	gcx3
Siaya_Delta_Dead_26	Siaya_Delta_Dead_26	TTCCTGCT	GTAAGGAG	12	gcx3	Siaya	Kenya			C	2	0.7916666666666666	unassigned	gcx3	gcx3
Siaya_Delta_Dead_27	Siaya_Delta_Dead_27	TAGTGACT	GTAAGGAG	12	gcx3	Siaya	Kenya			C	3	1.1304347826086956	unassigned	gcx3	gcx3
Siaya_Delta_Dead_28	Siaya_Delta_Dead_28	TACAGGAT	GTAAGGAG	12	gcx3	Siaya	Kenya			C	4	0.625	unassigned	gcx3	gcx3
Siaya_Delta_Dead_29	Siaya_Delta_Dead_29	TCCTCAAT	GTAAGGAG	12	unassigned	Siaya	Kenya			C	5	0.625	unassigned	gcx3	gambiae
Siaya_Delta_Dead_30	Siaya_Delta_Dead_30	TGTGGTTG	GTAAGGAG	12	gcx3	Siaya	Kenya			C	6	0.8260869565217391	unassigned	gcx3	gcx3
Siaya_Delta_Dead_31	Siaya_Delta_Dead_31	TAGTCTTG	GTAAGGAG	12	gcx3	Siaya	Kenya			C	7	1.1304347826086956	unassigned	gcx3	gcx3
Siaya_Delta_Dead_32	Siaya_Delta_Dead_32	TTCCATTG	GTAAGGAG	12	gcx3	Siaya	Kenya			C	8	1.0833333333333333	unassigned	gcx3	gcx3
Siaya_Delta_Dead_34	Siaya_Delta_Dead_34	TAACGCTG	GTAAGGAG	12	unassigned	Siaya	Kenya			C	10	0.5217391304347826	unassigned	unassigned	gambiae
Siaya_Delta_Dead_35	Siaya_Delta_Dead_35	TTGGTATG	GTAAGGAG	12	gcx3	Siaya	Kenya			C	11	0.9565217391304348	unassigned	gcx3	gcx3
Siaya_Delta_Dead_36	Siaya_Delta_Dead_36	TGAACTGG	GTAAGGAG	12	gcx3	Siaya	Kenya			C	12	1.1304347826086956	unassigned	gcx3	gcx3
Siaya_Delta_Dead_37	Siaya_Delta_Dead_37	TACTTCGG	GTAAGGAG	12	gcx3	Siaya	Kenya			D	1	0.7916666666666666	unassigned	gcx3	gcx3
Siaya_Delta_Dead_38	Siaya_Delta_Dead_38	TCTCACGG	GTAAGGAG	12	gcx3	Siaya	Kenya			D	2	0.8260869565217391	unassigned	gcx3	gcx3
Siaya_Delta_Dead_39	Siaya_Delta_Dead_39	TCAGGAGG	GTAAGGAG	12	gcx3	Siaya	Kenya			D	3	0.625	unassigned	gcx3	gcx3
Siaya_Delta_Dead_40	Siaya_Delta_Dead_40	TAAGTTCG	GTAAGGAG	12	unassigned	Siaya	Kenya			D	4	0.8260869565217391	unassigned	gcx3	bissau
Siaya_Delta_Dead_41	Siaya_Delta_Dead_41	TCCAGTCG	GTAAGGAG	12	gcx3	Siaya	Kenya			D	5	1.0833333333333333	unassigned	gcx3	gcx3
Siaya_Delta_Dead_42	Siaya_Delta_Dead_42	TGTATGCG	GTAAGGAG	12	unassigned	Siaya	Kenya			D	6	0.8260869565217391	unassigned	gcx3	bissau
Siaya_Delta_Dead_43	Siaya_Delta_Dead_43	TCATTGAG	GTAAGGAG	12	gcx3	Siaya	Kenya			D	7	0.6956521739130435	unassigned	gcx3	gcx3
Siaya_Delta_Dead_44	Siaya_Delta_Dead_44	TGGCTCAG	GTAAGGAG	12	gcx3	Siaya	Kenya			D	8	0.7916666666666666	unassigned	gcx3	gcx3
Siaya_Delta_Dead_46	Siaya_Delta_Dead_46	TCAGATTC	GTAAGGAG	12	gcx3	Siaya	Kenya			D	10	0.6956521739130435	unassigned	gcx3	gcx3
Siaya_Delta_Dead_47	Siaya_Delta_Dead_47	TACTAGTC	GTAAGGAG	12	gcx3	Siaya	Kenya			D	11	1.0833333333333333	unassigned	gcx3	gcx3
Siaya_Delta_Dead_48	Siaya_Delta_Dead_48	TTCAGCTC	GTAAGGAG	12	unassigned	Siaya	Kenya			D	12	0.6521739130434783	unassigned	gcx3	gambiae
Siaya_Delta_Dead_49	Siaya_Delta_Dead_49	TGTCTATC	GTAAGGAG	12	gcx3	Siaya	Kenya			E	1	1.1304347826086956	unassigned	gcx3	gcx3
Siaya_Delta_Dead_50	Siaya_Delta_Dead_50	TATGTGGC	GTAAGGAG	12	gcx3	Siaya	Kenya			E	2	0.9166666666666666	unassigned	gcx3	gcx3
Siaya_Delta_Dead_51	Siaya_Delta_Dead_51	TTACTCGC	GTAAGGAG	12	unassigned	Siaya	Kenya			E	3	0.7916666666666666	unassigned	gcx3	bissau
Siaya_Delta_Dead_52	Siaya_Delta_Dead_52	TCGTTAGC	GTAAGGAG	12	gcx3	Siaya	Kenya			E	4	0.9565217391304348	unassigned	gcx3	gcx3
Siaya_Delta_Dead_53	Siaya_Delta_Dead_53	TACCGAGC	GTAAGGAG	12	gcx3	Siaya	Kenya			E	5	1.1304347826086956	unassigned	gcx3	gcx3
Siaya_Delta_Dead_54	Siaya_Delta_Dead_54	TGTTCTCC	GTAAGGAG	12	gcx3	Siaya	Kenya			E	6	0.8333333333333334	unassigned	gcx3	gcx3
Siaya_Delta_Dead_55	Siaya_Delta_Dead_55	TTCGCACC	GTAAGGAG	12	gcx3	Siaya	Kenya			E	7	0.9565217391304348	unassigned	gcx3	gcx3
Siaya_Delta_Dead_56	Siaya_Delta_Dead_56	TTGCGTAC	GTAAGGAG	12	gcx3	Siaya	Kenya			E	8	1.0	unassigned	gcx3	gcx3
Siaya_Delta_Dead_58	Siaya_Delta_Dead_58	TGACAGAC	GTAAGGAG	12	gcx3	Siaya	Kenya			E	10	0.8695652173913043	unassigned	gcx3	gcx3
Siaya_Delta_Dead_59	Siaya_Delta_Dead_59	TAGAACAC	GTAAGGAG	12	gcx3	Siaya	Kenya			E	11	0.9166666666666666	unassigned	gcx3	gcx3
Siaya_Delta_Dead_60	Siaya_Delta_Dead_60	TCATCCTA	GTAAGGAG	12	unassigned	Siaya	Kenya			E	12	0.7083333333333334	unassigned	gcx3	gambiae
Siaya_Delta_Dead_61	Siaya_Delta_Dead_61	TGCTGATA	GTAAGGAG	12	gcx3	Siaya	Kenya			F	1	0.9166666666666666	unassigned	gcx3	gcx3
Siaya_Delta_Dead_62	Siaya_Delta_Dead_62	TAGACGGA	GTAAGGAG	12	gcx3	Siaya	Kenya			F	2	0.7916666666666666	unassigned	gcx3	gcx3
Siaya_Delta_Dead_63	Siaya_Delta_Dead_63	TGTGAAGA	GTAAGGAG	12	gcx3	Siaya	Kenya			F	3	1.1304347826086956	unassigned	gcx3	gcx3
Siaya_Delta_Dead_64	Siaya_Delta_Dead_64	TCTCTTCA	GTAAGGAG	12	gcx3	Siaya	Kenya			F	4	1.1304347826086956	unassigned	gcx3	gcx3
Siaya_Delta_Dead_65	Siaya_Delta_Dead_65	TTGTTCCA	GTAAGGAG	12	unassigned	Siaya	Kenya			F	5	0.6923076923076923	unassigned	gcx3	gambiae
Siaya_Delta_Dead_66	Siaya_Delta_Dead_66	TGAAGCCA	GTAAGGAG	12	gcx3	Siaya	Kenya			F	6	0.8695652173913043	unassigned	gcx3	gcx3
Siaya_Delta_Dead_67	Siaya_Delta_Dead_67	TACCACCA	GTAAGGAG	12	gcx3	Siaya	Kenya			F	7	0.7916666666666666	unassigned	gcx3	gcx3
Siaya_Delta_Dead_68	Siaya_Delta_Dead_68	TGCGTGAA	GTAAGGAG	12	gcx3	Siaya	Kenya			F	8	0.8260869565217391	unassigned	gcx3	gcx3
Siaya_Delta_Dead_70	Siaya_Delta_Dead_70	GATCTCTT	GTAAGGAG	12	gcx3	Siaya	Kenya			F	10	0.7916666666666666	unassigned	gcx3	gcx3
Siaya_Delta_Dead_71	Siaya_Delta_Dead_71	GTGTCCTT	GTAAGGAG	12	gcx3	Siaya	Kenya			F	11	1.0833333333333333	unassigned	gcx3	gcx3
Siaya_Delta_Dead_72	Siaya_Delta_Dead_72	GACGGATT	GTAAGGAG	12	gcx3	Siaya	Kenya			F	12	1.1304347826086956	unassigned	gcx3	gcx3
Siaya_Delta_Dead_73	Siaya_Delta_Dead_73	GCAACATT	GTAAGGAG	12	gcx3	Siaya	Kenya			G	1	1.1666666666666667	unassigned	gcx3	gcx3
Siaya_Delta_Dead_74	Siaya_Delta_Dead_74	GGTCGTGT	GTAAGGAG	12	gcx3	Siaya	Kenya			G	2	1.1666666666666667	unassigned	gcx3	gcx3
Siaya_Delta_Dead_75	Siaya_Delta_Dead_75	GAATCTGT	GTAAGGAG	12	gcx3	Siaya	Kenya			G	3	1.0833333333333333	unassigned	gcx3	gcx3
Siaya_Delta_Dead_76	Siaya_Delta_Dead_76	GTACATCT	GTAAGGAG	12	gcx3	Siaya	Kenya			G	4	1.1666666666666667	unassigned	gcx3	gcx3
Siaya_Delta_Dead_77	Siaya_Delta_Dead_77	GAGGTGCT	GTAAGGAG	12	gcx3	Siaya	Kenya			G	5	0.9565217391304348	unassigned	gcx3	gcx3
Siaya_Delta_Dead_78	Siaya_Delta_Dead_78	GCATGGCT	GTAAGGAG	12	unassigned	Siaya	Kenya			G	6	0.6521739130434783	unassigned	gcx3	gambiae
Siaya_Delta_Dead_79	Siaya_Delta_Dead_79	GTTAGCCT	GTAAGGAG	12	gcx3	Siaya	Kenya			G	7	1.1304347826086956	unassigned	gcx3	gcx3
Siaya_Delta_Dead_80	Siaya_Delta_Dead_80	GTCGCTAT	GTAAGGAG	12	unassigned	Siaya	Kenya			G	8	0.7916666666666666	unassigned	gcx3	bissau
Siaya_Delta_Dead_82	Siaya_Delta_Dead_82	GAGCCAAT	GTAAGGAG	12	gcx3	Siaya	Kenya			G	10	0.9565217391304348	unassigned	gcx3	gcx3
Siaya_Delta_Dead_83	Siaya_Delta_Dead_83	GCTCCTTG	GTAAGGAG	12	gcx3	Siaya	Kenya			G	11	1.0833333333333333	unassigned	gcx3	gcx3
Siaya_Delta_Dead_84	Siaya_Delta_Dead_84	GTAAGGTG	GTAAGGAG	12	gcx3	Siaya	Kenya			G	12	1.1304347826086956	unassigned	gcx3	gcx3
Siaya_Delta_Dead_85	Siaya_Delta_Dead_85	GAGGATGG	GTAAGGAG	12	gcx3	Siaya	Kenya			H	1	1.1304347826086956	unassigned	gcx3	gcx3
Siaya_Delta_Dead_86	Siaya_Delta_Dead_86	GTTGTCGG	GTAAGGAG	12	unassigned	Siaya	Kenya			H	2	0.8695652173913043	unassigned	gcx3	bissau
Siaya_Delta_Dead_87	Siaya_Delta_Dead_87	GGATTAGG	GTAAGGAG	12	unassigned	Siaya	Kenya			H	3	0.8695652173913043	unassigned	gcx3	bissau
Siaya_Delta_Dead_88	Siaya_Delta_Dead_88	GATAGAGG	GTAAGGAG	12	gcx3	Siaya	Kenya			H	4	1.1304347826086956	unassigned	gcx3	gcx3
Siaya_Delta_Dead_89	Siaya_Delta_Dead_89	GTGTGTCG	GTAAGGAG	12	unassigned	Siaya	Kenya			H	5	1.0	unassigned	unassigned	gcx3
Siaya_Delta_Dead_90	Siaya_Delta_Dead_90	GCAATCCG	GTAAGGAG	12	unassigned	Siaya	Kenya			H	6	1.0	unassigned	gcx3	gambiae
Siaya_Delta_Dead_91	Siaya_Delta_Dead_91	GACCTTAG	GTAAGGAG	12	gcx3	Siaya	Kenya			H	7	1.1304347826086956	unassigned	gcx3	gcx3
Siaya_Delta_Dead_92	Siaya_Delta_Dead_92	GCCTGTTC	GTAAGGAG	12	unassigned	Siaya	Kenya			H	8	0.6521739130434783	unassigned	gcx3	gambiae
Siaya_Delta_Dead_94	Siaya_Delta_Dead_94	GCTAACTC	GTAAGGAG	12	unassigned	Siaya	Kenya			H	10	0.5416666666666666	unassigned	unassigned	gambiae
Siaya_Delta_Dead_95	Siaya_Delta_Dead_95	GATTCATC	GTAAGGAG	12	gcx3	Siaya	Kenya			H	11	1.0	unassigned	gcx3	gcx3
Siaya_Delta_Alive_01	Siaya_Delta_Alive_01	ATCACGTT	GAGCCTTA	15	gcx3	Siaya	Kenya			A	1	0.782608695652174	unassigned	gcx3	gcx3
Siaya_Delta_Alive_02	Siaya_Delta_Alive_02	CGATGTTT	GAGCCTTA	15	gcx3	Siaya	Kenya			A	2	1.1304347826086956	unassigned	gcx3	gcx3
Siaya_Delta_Alive_03	Siaya_Delta_Alive_03	TTAGGCAT	GAGCCTTA	15	gcx3	Siaya	Kenya			A	3	1.0833333333333333	unassigned	gcx3	gcx3
Siaya_Delta_Alive_04	Siaya_Delta_Alive_04	TGACCACT	GAGCCTTA	15	unassigned	Siaya	Kenya			A	4	0.7916666666666666	unassigned	gcx3	bissau
Siaya_Delta_Alive_05	Siaya_Delta_Alive_05	ACAGTGGT	GAGCCTTA	15	unassigned	Siaya	Kenya			A	5	0.8260869565217391	unassigned	gcx3	bissau
Siaya_Delta_Alive_06	Siaya_Delta_Alive_06	GCCAATGT	GAGCCTTA	15	gcx3	Siaya	Kenya			A	6	0.9166666666666666	unassigned	gcx3	gcx3
Siaya_Delta_Alive_07	Siaya_Delta_Alive_07	CAGATCTG	GAGCCTTA	15	gcx3	Siaya	Kenya			A	7	0.85	unassigned	gcx3	gcx3
Siaya_Delta_Alive_08	Siaya_Delta_Alive_08	ACTTGATG	GAGCCTTA	15	gcx3	Siaya	Kenya			A	8	1.1304347826086956	unassigned	gcx3	gcx3
Siaya_Delta_Alive_09	Siaya_Delta_Alive_09	GATCAGCG	GAGCCTTA	15	unassigned	Siaya	Kenya			A	9	0.8260869565217391	unassigned	gcx3	bissau
Siaya_Delta_Alive_10	Siaya_Delta_Alive_10	TAGCTTGT	GAGCCTTA	15	gcx3	Siaya	Kenya			A	10	0.9583333333333334	unassigned	gcx3	gcx3
Siaya_Delta_Alive_11	Siaya_Delta_Alive_11	GGCTACAG	GAGCCTTA	15	gcx3	Siaya	Kenya			A	11	0.8260869565217391	unassigned	gcx3	gcx3
Siaya_Delta_Alive_12	Siaya_Delta_Alive_12	CTTGTACT	GAGCCTTA	15	unassigned	Siaya	Kenya			A	12	0.5	unassigned	gcx3	gambiae
Siaya_Delta_Alive_13	Siaya_Delta_Alive_13	TGGTTGTT	GAGCCTTA	15	gcx3	Siaya	Kenya			B	1	0.7083333333333334	unassigned	gcx3	gcx3
Siaya_Delta_Alive_14	Siaya_Delta_Alive_14	TCTCGGTT	GAGCCTTA	15	gcx3	Siaya	Kenya			B	2	0.9166666666666666	unassigned	gcx3	gcx3
Siaya_Delta_Alive_15	Siaya_Delta_Alive_15	TAAGCGTT	GAGCCTTA	15	gcx3	Siaya	Kenya			B	3	0.9166666666666666	unassigned	gcx3	gcx3
Siaya_Delta_Alive_16	Siaya_Delta_Alive_16	TCCGTCTT	GAGCCTTA	15	gcx3	Siaya	Kenya			B	4	0.9565217391304348	unassigned	gcx3	gcx3
Siaya_Delta_Alive_17	Siaya_Delta_Alive_17	TGTACCTT	GAGCCTTA	15	gcx3	Siaya	Kenya			B	5	1.0833333333333333	unassigned	gcx3	gcx3
Siaya_Delta_Alive_18	Siaya_Delta_Alive_18	TTCTGTGT	GAGCCTTA	15	gcx3	Siaya	Kenya			B	6	1.1304347826086956	unassigned	gcx3	gcx3
Siaya_Delta_Alive_19	Siaya_Delta_Alive_19	TCTGCTGT	GAGCCTTA	15	gcx3	Siaya	Kenya			B	7	0.9565217391304348	unassigned	gcx3	gcx3
Siaya_Delta_Alive_20	Siaya_Delta_Alive_20	TTGGAGGT	GAGCCTTA	15	gcx3	Siaya	Kenya			B	8	0.6521739130434783	unassigned	gcx3	gcx3
Siaya_Delta_Alive_21	Siaya_Delta_Alive_21	TCGAGCGT	GAGCCTTA	15	gcx3	Siaya	Kenya			B	9	0.8695652173913043	unassigned	gcx3	gcx3
Siaya_Delta_Alive_22	Siaya_Delta_Alive_22	TGATACGT	GAGCCTTA	15	gcx3	Siaya	Kenya			B	10	0.9166666666666666	unassigned	gcx3	gcx3
Siaya_Delta_Alive_23	Siaya_Delta_Alive_23	TGCATAGT	GAGCCTTA	15	gcx3	Siaya	Kenya			B	11	1.1304347826086956	unassigned	gcx3	gcx3
Siaya_Delta_Alive_24	Siaya_Delta_Alive_24	TTGACTCT	GAGCCTTA	15	gcx3	Siaya	Kenya			B	12	1.0833333333333333	unassigned	gcx3	gcx3
Siaya_Delta_Alive_25	Siaya_Delta_Alive_25	TGCGATCT	GAGCCTTA	15	gcx3	Siaya	Kenya			C	1	0.9565217391304348	unassigned	gcx3	gcx3
Siaya_Delta_Alive_26	Siaya_Delta_Alive_26	TTCCTGCT	GAGCCTTA	15	unassigned	Siaya	Kenya			C	2	0.5217391304347826	unassigned	unassigned	gambiae
Siaya_Delta_Alive_27	Siaya_Delta_Alive_27	TAGTGACT	GAGCCTTA	15	unassigned	Siaya	Kenya			C	3	0.5	unassigned	unassigned	gambiae
Siaya_Delta_Alive_28	Siaya_Delta_Alive_28	TACAGGAT	GAGCCTTA	15	gcx3	Siaya	Kenya			C	4	0.9166666666666666	unassigned	gcx3	gcx3
Siaya_Delta_Alive_29	Siaya_Delta_Alive_29	TCCTCAAT	GAGCCTTA	15	unassigned	Siaya	Kenya			C	5	0.5217391304347826	unassigned	unassigned	gambiae
Siaya_Delta_Alive_30	Siaya_Delta_Alive_30	TGTGGTTG	GAGCCTTA	15	gcx3	Siaya	Kenya			C	6	1.0833333333333333	unassigned	gcx3	gcx3
Siaya_Delta_Alive_31	Siaya_Delta_Alive_31	TAGTCTTG	GAGCCTTA	15	gcx3	Siaya	Kenya			C	7	0.9565217391304348	unassigned	gcx3	gcx3
Siaya_Delta_Alive_32	Siaya_Delta_Alive_32	TTCCATTG	GAGCCTTA	15	gcx3	Siaya	Kenya			C	8	0.9166666666666666	unassigned	gcx3	gcx3
Siaya_Delta_Alive_33	Siaya_Delta_Alive_33	TCGAAGTG	GAGCCTTA	15	gcx3	Siaya	Kenya			C	9	1.0	unassigned	gcx3	gcx3
Siaya_Delta_Alive_34	Siaya_Delta_Alive_34	TAACGCTG	GAGCCTTA	15	gcx3	Siaya	Kenya			C	10	0.9565217391304348	unassigned	gcx3	gcx3
Siaya_Delta_Alive_35	Siaya_Delta_Alive_35	TTGGTATG	GAGCCTTA	15	gambiae	Siaya	Kenya			C	11	0.391304347826087	gambiae	unassigned	gambiae
Siaya_Delta_Alive_36	Siaya_Delta_Alive_36	TGAACTGG	GAGCCTTA	15	gcx3	Siaya	Kenya			C	12	0.9565217391304348	unassigned	gcx3	gcx3
Siaya_Delta_Alive_37	Siaya_Delta_Alive_37	TACTTCGG	GAGCCTTA	15	unassigned	Siaya	Kenya			D	1	0.8260869565217391	unassigned	gcx3	bissau
Siaya_Delta_Alive_38	Siaya_Delta_Alive_38	TCTCACGG	GAGCCTTA	15	gcx3	Siaya	Kenya			D	2	0.8260869565217391	unassigned	gcx3	gcx3
Siaya_Delta_Alive_39	Siaya_Delta_Alive_39	TCAGGAGG	GAGCCTTA	15	unassigned	Siaya	Kenya			D	3	0.5416666666666666	unassigned	gcx3	gambiae
Siaya_Delta_Alive_40	Siaya_Delta_Alive_40	TAAGTTCG	GAGCCTTA	15	gcx3	Siaya	Kenya			D	4	0.7916666666666666	unassigned	gcx3	gcx3
Siaya_Delta_Alive_41	Siaya_Delta_Alive_41	TCCAGTCG	GAGCCTTA	15	gcx3	Siaya	Kenya			D	5	1.1666666666666667	unassigned	gcx3	gcx3
Siaya_Delta_Alive_42	Siaya_Delta_Alive_42	TGTATGCG	GAGCCTTA	15	unassigned	Siaya	Kenya			D	6	0.5217391304347826	unassigned	unassigned	gambiae
Siaya_Delta_Alive_43	Siaya_Delta_Alive_43	TCATTGAG	GAGCCTTA	15	unassigned	Siaya	Kenya			D	7	0.625	unassigned	gcx3	gambiae
Siaya_Delta_Alive_44	Siaya_Delta_Alive_44	TGGCTCAG	GAGCCTTA	15	unassigned	Siaya	Kenya			D	8	0.7083333333333334	unassigned	gcx3	bissau
Siaya_Delta_Alive_45	Siaya_Delta_Alive_45	TATGCCAG	GAGCCTTA	15	gcx3	Siaya	Kenya			D	9	0.9166666666666666	unassigned	gcx3	gcx3
Siaya_Delta_Alive_46	Siaya_Delta_Alive_46	TCAGATTC	GAGCCTTA	15	unassigned	Siaya	Kenya			D	10	0.8260869565217391	unassigned	gcx3	bissau
Siaya_Delta_Alive_47	Siaya_Delta_Alive_47	TACTAGTC	GAGCCTTA	15	gcx3	Siaya	Kenya			D	11	1.1304347826086956	unassigned	gcx3	gcx3
Siaya_Delta_Alive_48	Siaya_Delta_Alive_48	TTCAGCTC	GAGCCTTA	15	gcx3	Siaya	Kenya			D	12	0.9166666666666666	unassigned	gcx3	gcx3
Siaya_Delta_Alive_49	Siaya_Delta_Alive_49	TGTCTATC	GAGCCTTA	15	gcx3	Siaya	Kenya			E	1	0.9166666666666666	unassigned	gcx3	gcx3
Siaya_Delta_Alive_50	Siaya_Delta_Alive_50	TATGTGGC	GAGCCTTA	15	gcx3	Siaya	Kenya			E	2	0.7916666666666666	unassigned	gcx3	gcx3
Siaya_Delta_Alive_51	Siaya_Delta_Alive_51	TTACTCGC	GAGCCTTA	15	gcx3	Siaya	Kenya			E	3	1.0833333333333333	unassigned	gcx3	gcx3
Siaya_Delta_Alive_52	Siaya_Delta_Alive_52	TCGTTAGC	GAGCCTTA	15	gcx3	Siaya	Kenya			E	4	0.6521739130434783	unassigned	gcx3	gcx3
Siaya_Delta_Alive_53	Siaya_Delta_Alive_53	TACCGAGC	GAGCCTTA	15	gcx3	Siaya	Kenya			E	5	0.8333333333333334	unassigned	gcx3	gcx3
Siaya_Delta_Alive_54	Siaya_Delta_Alive_54	TGTTCTCC	GAGCCTTA	15	gcx3	Siaya	Kenya			E	6	0.9583333333333334	unassigned	gcx3	gcx3
Siaya_Delta_Alive_55	Siaya_Delta_Alive_55	TTCGCACC	GAGCCTTA	15	gcx3	Siaya	Kenya			E	7	1.0833333333333333	unassigned	gcx3	gcx3
Siaya_Delta_Alive_56	Siaya_Delta_Alive_56	TTGCGTAC	GAGCCTTA	15	unassigned	Siaya	Kenya			E	8	0.625	unassigned	gcx3	bissau
Siaya_Delta_Alive_57	Siaya_Delta_Alive_57	TCTACGAC	GAGCCTTA	15	gcx3	Siaya	Kenya			E	9	0.7083333333333334	unassigned	gcx3	gcx3
Siaya_Delta_Alive_58	Siaya_Delta_Alive_58	TGACAGAC	GAGCCTTA	15	gcx3	Siaya	Kenya			E	10	0.9565217391304348	unassigned	gcx3	gcx3
Siaya_Delta_Alive_59	Siaya_Delta_Alive_59	TAGAACAC	GAGCCTTA	15	gcx3	Siaya	Kenya			E	11	0.8260869565217391	unassigned	gcx3	gcx3
Siaya_Delta_Alive_60	Siaya_Delta_Alive_60	TCATCCTA	GAGCCTTA	15	gcx3	Siaya	Kenya			E	12	0.9166666666666666	unassigned	gcx3	gcx3
Siaya_Delta_Alive_61	Siaya_Delta_Alive_61	TGCTGATA	GAGCCTTA	15	gcx3	Siaya	Kenya			F	1	1.0833333333333333	unassigned	gcx3	gcx3
Siaya_Delta_Alive_62	Siaya_Delta_Alive_62	TAGACGGA	GAGCCTTA	15	gcx3	Siaya	Kenya			F	2	1.0869565217391304	unassigned	gcx3	gcx3
Siaya_Delta_Alive_63	Siaya_Delta_Alive_63	TGTGAAGA	GAGCCTTA	15	gcx3	Siaya	Kenya			F	3	1.1304347826086956	unassigned	gcx3	gcx3
Siaya_Delta_Alive_64	Siaya_Delta_Alive_64	TCTCTTCA	GAGCCTTA	15	gcx3	Siaya	Kenya			F	4	0.625	unassigned	gcx3	gcx3
Siaya_Delta_Alive_65	Siaya_Delta_Alive_65	TTGTTCCA	GAGCCTTA	15	gcx3	Siaya	Kenya			F	5	0.8	unassigned	gcx3	gcx3
Siaya_Delta_Alive_66	Siaya_Delta_Alive_66	TGAAGCCA	GAGCCTTA	15	gcx3	Siaya	Kenya			F	6	1.1304347826086956	unassigned	gcx3	gcx3
Siaya_Delta_Alive_67	Siaya_Delta_Alive_67	TACCACCA	GAGCCTTA	15	gcx3	Siaya	Kenya			F	7	1.1304347826086956	unassigned	gcx3	gcx3
Siaya_Delta_Alive_68	Siaya_Delta_Alive_68	TGCGTGAA	GAGCCTTA	15	unassigned	Siaya	Kenya			F	8	0.5652173913043478	unassigned	unassigned	gambiae
Siaya_Delta_Alive_69	Siaya_Delta_Alive_69	GGTGAGTT	GAGCCTTA	15	gcx3	Siaya	Kenya			F	9	0.9565217391304348	unassigned	gcx3	gcx3
Siaya_Delta_Alive_70	Siaya_Delta_Alive_70	GATCTCTT	GAGCCTTA	15	unassigned	Siaya	Kenya			F	10	0.6666666666666666	unassigned	gcx3	bissau
Siaya_Delta_Alive_71	Siaya_Delta_Alive_71	GTGTCCTT	GAGCCTTA	15	unassigned	Siaya	Kenya			F	11	0.625	unassigned	gcx3	bissau
Siaya_Delta_Alive_72	Siaya_Delta_Alive_72	GACGGATT	GAGCCTTA	15	gcx3	Siaya	Kenya			F	12	0.9565217391304348	unassigned	gcx3	gcx3
Siaya_Delta_Alive_73	Siaya_Delta_Alive_73	GCAACATT	GAGCCTTA	15	unassigned	Siaya	Kenya			G	1	0.6521739130434783	unassigned	gcx3	bissau
Siaya_Delta_Alive_74	Siaya_Delta_Alive_74	GGTCGTGT	GAGCCTTA	15	gcx3	Siaya	Kenya			G	2	0.9166666666666666	unassigned	gcx3	gcx3
Siaya_Delta_Alive_75	Siaya_Delta_Alive_75	GAATCTGT	GAGCCTTA	15	unassigned	Siaya	Kenya			G	3	0.6521739130434783	unassigned	gcx3	gambiae
Siaya_Delta_Alive_76	Siaya_Delta_Alive_76	GTACATCT	GAGCCTTA	15	unassigned	Siaya	Kenya			G	4	0.625	unassigned	gcx3	bissau
Siaya_Delta_Alive_77	Siaya_Delta_Alive_77	GAGGTGCT	GAGCCTTA	15	gcx3	Siaya	Kenya			G	5	1.1304347826086956	unassigned	gcx3	gcx3
Siaya_Delta_Alive_78	Siaya_Delta_Alive_78	GCATGGCT	GAGCCTTA	15	gcx3	Siaya	Kenya			G	6	1.1666666666666667	unassigned	gcx3	gcx3
Siaya_Delta_Alive_79	Siaya_Delta_Alive_79	GTTAGCCT	GAGCCTTA	15	gcx3	Siaya	Kenya			G	7	1.0833333333333333	unassigned	gcx3	gcx3
Siaya_Delta_Alive_80	Siaya_Delta_Alive_80	GTCGCTAT	GAGCCTTA	15	gcx3	Siaya	Kenya			G	8	1.1304347826086956	unassigned	gcx3	gcx3
Siaya_Delta_Alive_81	Siaya_Delta_Alive_81	GGAATGAT	GAGCCTTA	15	gcx3	Siaya	Kenya			G	9	1.0833333333333333	unassigned	gcx3	gcx3
Siaya_Delta_Alive_82	Siaya_Delta_Alive_82	GAGCCAAT	GAGCCTTA	15	gcx3	Siaya	Kenya			G	10	0.8260869565217391	unassigned	gcx3	gcx3
Siaya_Delta_Alive_83	Siaya_Delta_Alive_83	GCTCCTTG	GAGCCTTA	15	gcx3	Siaya	Kenya			G	11	0.9583333333333334	unassigned	gcx3	gcx3
Siaya_Delta_Alive_84	Siaya_Delta_Alive_84	GTAAGGTG	GAGCCTTA	15	gcx3	Siaya	Kenya			G	12	0.9565217391304348	unassigned	gcx3	gcx3
Siaya_Delta_Alive_85	Siaya_Delta_Alive_85	GAGGATGG	GAGCCTTA	15	gcx3	Siaya	Kenya			H	1	1.0	unassigned	gcx3	gcx3
Siaya_Delta_Alive_86	Siaya_Delta_Alive_86	GTTGTCGG	GAGCCTTA	15	unassigned	Siaya	Kenya			H	2	0.8260869565217391	unassigned	gcx3	bissau
Siaya_Delta_Alive_87	Siaya_Delta_Alive_87	GGATTAGG	GAGCCTTA	15	gcx3	Siaya	Kenya			H	3	0.8260869565217391	unassigned	gcx3	gcx3
Siaya_Delta_Alive_88	Siaya_Delta_Alive_88	GATAGAGG	GAGCCTTA	15	unassigned	Siaya	Kenya			H	4	0.7916666666666666	unassigned	gcx3	bissau
Siaya_Delta_Alive_89	Siaya_Delta_Alive_89	GTGTGTCG	GAGCCTTA	15	gcx3	Siaya	Kenya			H	5	0.625	unassigned	gcx3	gcx3
Siaya_Delta_Alive_90	Siaya_Delta_Alive_90	GCAATCCG	GAGCCTTA	15	gcx3	Siaya	Kenya			H	6	1.1428571428571428	unassigned	gcx3	gcx3
Siaya_Delta_Alive_91	Siaya_Delta_Alive_91	GACCTTAG	GAGCCTTA	15	gcx3	Siaya	Kenya			H	7	1.1304347826086956	unassigned	gcx3	gcx3
Siaya_Delta_Alive_92	Siaya_Delta_Alive_92	GCCTGTTC	GAGCCTTA	15	gcx3	Siaya	Kenya			H	8	0.9565217391304348	unassigned	gcx3	gcx3
Siaya_Delta_Alive_93	Siaya_Delta_Alive_93	GCACTGTC	GAGCCTTA	15	unassigned	Siaya	Kenya			H	9	0.8695652173913043	unassigned	gcx3	bissau
Siaya_Delta_Alive_94	Siaya_Delta_Alive_94	GCTAACTC	GAGCCTTA	15	gcx3	Siaya	Kenya			H	10	1.1304347826086956	unassigned	gcx3	gcx3
Siaya_Delta_Alive_95	Siaya_Delta_Alive_95	GATTCATC	GAGCCTTA	15	unassigned	Siaya	Kenya			H	11	0.6521739130434783	unassigned	gcx3	bissau
Siaya_Delta_Dead_96	Siaya_Delta_Dead_96	ATCACGTT	CAGGACGT	7	unassigned	Siaya	Kenya			A	1	0.6666666666666666	unassigned	gcx3	gambiae
Siaya_Delta_Dead_97	Siaya_Delta_Dead_97	CGATGTTT	CAGGACGT	7	gcx3	Siaya	Kenya			A	2	0.9166666666666666	unassigned	gcx3	gcx3
Siaya_Delta_Dead_98	Siaya_Delta_Dead_98	TTAGGCAT	CAGGACGT	7	gcx3	Siaya	Kenya			A	3	1.0	unassigned	gcx3	gcx3
Siaya_Delta_Dead_99	Siaya_Delta_Dead_99	TGACCACT	CAGGACGT	7	gcx3	Siaya	Kenya			A	4	1.1304347826086956	unassigned	gcx3	gcx3
Siaya_Delta_Dead_100	Siaya_Delta_Dead_100	ACAGTGGT	CAGGACGT	7	gcx3	Siaya	Kenya			A	5	1.1666666666666667	unassigned	gcx3	gcx3
Siaya_Delta_Alive_96	Siaya_Delta_Alive_96	GCCAATGT	CAGGACGT	7	gcx3	Siaya	Kenya			A	6	1.2083333333333333	unassigned	gcx3	gcx3
Siaya_Delta_Alive_97	Siaya_Delta_Alive_97	CAGATCTG	CAGGACGT	7	unassigned	Siaya	Kenya			A	7	0.5333333333333333	unassigned	gcx3	arabiensis
Siaya_Delta_Alive_98	Siaya_Delta_Alive_98	ACTTGATG	CAGGACGT	7	unassigned	Siaya	Kenya			A	8	0.6666666666666666	unassigned	gcx3	gambiae
Siaya_Delta_Alive_99	Siaya_Delta_Alive_99	GATCAGCG	CAGGACGT	7	gcx3	Siaya	Kenya			A	9	0.9166666666666666	unassigned	gcx3	gcx3
Siaya_Delta_Dead_102	Siaya_Delta_Dead_102	GGCTACAG	CAGGACGT	7	gambiae	Siaya	Kenya			B	2	0.09090909090909091	gambiae	gambiae	gambiae
Siaya_Delta_Dead_104	Siaya_Delta_Dead_104	TGGTTGTT	CAGGACGT	7	unassigned	Siaya	Kenya			B	4	1.0833333333333333	unassigned	bissau	gcx3
Siaya_Delta_Dead_105	Siaya_Delta_Dead_105	TCTCGGTT	CAGGACGT	7	gcx3	Siaya	Kenya			B	5	1.125	unassigned	gcx3	gcx3
Siaya_Delta_Alive_100	Siaya_Delta_Alive_100	TAAGCGTT	CAGGACGT	7	gcx3	Siaya	Kenya			B	6	1.1304347826086956	unassigned	gcx3	gcx3
Siaya_Delta_Alive_101	Siaya_Delta_Alive_101	TCCGTCTT	CAGGACGT	7	gcx3	Siaya	Kenya			B	7	1.0	unassigned	gcx3	gcx3
Siaya_Delta_Alive_102	Siaya_Delta_Alive_102	TGTACCTT	CAGGACGT	7	unassigned	Siaya	Kenya			B	8	0.875	unassigned	gcx3	bissau
Siaya_Delta_Alive_103	Siaya_Delta_Alive_103	TTCTGTGT	CAGGACGT	7	gcx3	Siaya	Kenya			B	9	1.1666666666666667	unassigned	gcx3	gcx3
Siaya_Delta_Dead_106	Siaya_Delta_Dead_106	TCTGCTGT	CAGGACGT	7	gcx3	Siaya	Kenya			C	1	0.625	unassigned	gcx3	gcx3
Siaya_Delta_Dead_107	Siaya_Delta_Dead_107	TTGGAGGT	CAGGACGT	7	gcx3	Siaya	Kenya			C	2	0.9583333333333334	unassigned	gcx3	gcx3
Siaya_Delta_Dead_108	Siaya_Delta_Dead_108	TCGAGCGT	CAGGACGT	7	gcx3	Siaya	Kenya			C	3	1.125	unassigned	gcx3	gcx3
Siaya_Delta_Alive_105	Siaya_Delta_Alive_105	TGCGATCT	CAGGACGT	7	gcx3	Siaya	Kenya			C	7	0.6521739130434783	unassigned	gcx3	gcx3
Siaya_Delta_Alive_106	Siaya_Delta_Alive_106	TTCCTGCT	CAGGACGT	7	unassigned	Siaya	Kenya			C	8	0.8333333333333334	unassigned	gcx3	bissau
Siaya_Delta_Alive_107	Siaya_Delta_Alive_107	TAGTGACT	CAGGACGT	7	gcx3	Siaya	Kenya			C	9	1.0833333333333333	unassigned	gcx3	gcx3
Siaya_Delta_Dead_111	Siaya_Delta_Dead_111	TACAGGAT	CAGGACGT	7	gcx3	Siaya	Kenya			D	1	0.9166666666666666	unassigned	gcx3	gcx3
Siaya_Delta_Dead_112	Siaya_Delta_Dead_112	TCCTCAAT	CAGGACGT	7	gcx3	Siaya	Kenya			D	2	0.8333333333333334	unassigned	gcx3	gcx3
Siaya_Delta_Dead_113	Siaya_Delta_Dead_113	TGTGGTTG	CAGGACGT	7	unassigned	Siaya	Kenya			D	3	0.875	unassigned	gcx3	bissau
Siaya_Delta_Dead_114	Siaya_Delta_Dead_114	TAGTCTTG	CAGGACGT	7	unassigned	Siaya	Kenya			D	4	0.6666666666666666	unassigned	gcx3	bissau
Siaya_Delta_Dead_115	Siaya_Delta_Dead_115	TTCCATTG	CAGGACGT	7	gcx3	Siaya	Kenya			D	5	0.9565217391304348	unassigned	gcx3	gcx3
Siaya_Delta_Alive_108	Siaya_Delta_Alive_108	TCGAAGTG	CAGGACGT	7	gcx3	Siaya	Kenya			D	6	0.8333333333333334	unassigned	gcx3	gcx3
Siaya_Delta_Dead_116	Siaya_Delta_Dead_116	TACTTCGG	CAGGACGT	7	gcx3	Siaya	Kenya			E	1	1.0833333333333333	unassigned	gcx3	gcx3
Siaya_Delta_Dead_117	Siaya_Delta_Dead_117	TCTCACGG	CAGGACGT	7	gcx3	Siaya	Kenya			E	2	0.875	unassigned	gcx3	gcx3
Siaya_Delta_Dead_118	Siaya_Delta_Dead_118	TCAGGAGG	CAGGACGT	7	gcx3	Siaya	Kenya			E	3	1.1666666666666667	unassigned	gcx3	gcx3
Siaya_Delta_Dead_119	Siaya_Delta_Dead_119	TAAGTTCG	CAGGACGT	7	gcx3	Siaya	Kenya			E	4	0.9166666666666666	unassigned	gcx3	gcx3
Siaya_Delta_Alive_112	Siaya_Delta_Alive_112	TCCAGTCG	CAGGACGT	7	gcx3	Siaya	Kenya			E	5	1.1304347826086956	unassigned	gcx3	gcx3
Siaya_Delta_Alive_113	Siaya_Delta_Alive_113	TGTATGCG	CAGGACGT	7	gcx3	Siaya	Kenya			E	6	0.8260869565217391	unassigned	gcx3	gcx3
Siaya_Delta_Alive_114	Siaya_Delta_Alive_114	TCATTGAG	CAGGACGT	7	gcx3	Siaya	Kenya			E	7	0.9565217391304348	unassigned	gcx3	gcx3
Siaya_Delta_Alive_115	Siaya_Delta_Alive_115	TGGCTCAG	CAGGACGT	7	unassigned	Siaya	Kenya			E	8	0.5217391304347826	unassigned	unassigned	gambiae
Siaya_Delta_Alive_116	Siaya_Delta_Alive_116	TATGCCAG	CAGGACGT	7	gcx3	Siaya	Kenya			E	9	1.0	unassigned	gcx3	gcx3
Siaya_Delta_Dead_120	Siaya_Delta_Dead_120	TCAGATTC	CAGGACGT	7	gambiae	Siaya	Kenya			F	1	0.09523809523809523	gambiae	gambiae	gambiae
Siaya_Delta_Dead_122	Siaya_Delta_Dead_122	TTCAGCTC	CAGGACGT	7	coluzzii	Siaya	Kenya			F	3	2.0	coluzzii	coluzzii	coluzzii
Siaya_Delta_Dead_123	Siaya_Delta_Dead_123	TGTCTATC	CAGGACGT	7	gcx3	Siaya	Kenya			F	4	0.9166666666666666	unassigned	gcx3	gcx3
Siaya_Delta_Alive_117	Siaya_Delta_Alive_117	TATGTGGC	CAGGACGT	7	gcx3	Siaya	Kenya			F	5	0.8333333333333334	unassigned	gcx3	gcx3
Siaya_Delta_Alive_118	Siaya_Delta_Alive_118	TTACTCGC	CAGGACGT	7	gcx3	Siaya	Kenya			F	6	0.9583333333333334	unassigned	gcx3	gcx3
Siaya_Delta_Alive_119	Siaya_Delta_Alive_119	TCGTTAGC	CAGGACGT	7	gcx3	Siaya	Kenya			F	7	0.8260869565217391	unassigned	gcx3	gcx3
Siaya_Delta_Alive_120	Siaya_Delta_Alive_120	TACCGAGC	CAGGACGT	7	gcx3	Siaya	Kenya			F	8	0.8333333333333334	unassigned	gcx3	gcx3
Siaya_Delta_Alive_121	Siaya_Delta_Alive_121	TGTTCTCC	CAGGACGT	7	gcx3	Siaya	Kenya			F	9	1.0833333333333333	unassigned	gcx3	gcx3
Siaya_Delta_Dead_124	Siaya_Delta_Dead_124	TTCGCACC	CAGGACGT	7	gcx3	Siaya	Kenya			G	1	1.1304347826086956	unassigned	gcx3	gcx3
Siaya_Delta_Dead_125	Siaya_Delta_Dead_125	TTGCGTAC	CAGGACGT	7	unassigned	Siaya	Kenya			G	2	0.625	unassigned	gcx3	bissau
Siaya_Delta_Dead_126	Siaya_Delta_Dead_126	TCTACGAC	CAGGACGT	7	gcx3	Siaya	Kenya			G	3	1.0	unassigned	gcx3	gcx3
Siaya_Delta_Dead_127	Siaya_Delta_Dead_127	TGACAGAC	CAGGACGT	7	unassigned	Siaya	Kenya			G	4	0.9411764705882353	unassigned	unassigned	bissau
Siaya_Delta_Alive_124	Siaya_Delta_Alive_124	TGCTGATA	CAGGACGT	7	gcx3	Siaya	Kenya			G	7	1.1304347826086956	unassigned	gcx3	gcx3
Siaya_Delta_Alive_125	Siaya_Delta_Alive_125	TAGACGGA	CAGGACGT	7	gcx3	Siaya	Kenya			G	8	0.7272727272727273	unassigned	gcx3	gcx3
Siaya_Delta_Alive_126	Siaya_Delta_Alive_126	TGTGAAGA	CAGGACGT	7	gcx3	Siaya	Kenya			G	9	1.1666666666666667	unassigned	gcx3	gcx3
Siaya_Delta_Dead_128	Siaya_Delta_Dead_128	TCTCTTCA	CAGGACGT	7	gcx3	Siaya	Kenya			H	1	0.6363636363636364	unassigned	gcx3	gcx3
Siaya_Delta_Dead_129	Siaya_Delta_Dead_129	TTGTTCCA	CAGGACGT	7	gcx3	Siaya	Kenya			H	2	1.05	unassigned	gcx3	gcx3
Siaya_Delta_Dead_130	Siaya_Delta_Dead_130	TGAAGCCA	CAGGACGT	7	unassigned	Siaya	Kenya			H	3	0.6956521739130435	unassigned	gcx3	gambiae
Siaya_Delta_Dead_131	Siaya_Delta_Dead_131	TACCACCA	CAGGACGT	7	gcx3	Siaya	Kenya			H	4	1.1666666666666667	unassigned	gcx3	gcx3
Siaya_Delta_Alive_127	Siaya_Delta_Alive_127	TGCGTGAA	CAGGACGT	7	unassigned	Siaya	Kenya			H	5	0.8260869565217391	unassigned	unassigned	bissau
Siaya_Delta_Alive_128	Siaya_Delta_Alive_128	GGTGAGTT	CAGGACGT	7	unassigned	Siaya	Kenya			H	6	0.6666666666666666	unassigned	gcx3	bissau
Siaya_Delta_Alive_130	Siaya_Delta_Alive_130	GTGTCCTT	CAGGACGT	7	gambiae	Siaya	Kenya			H	8	0.21739130434782608	gambiae	gambiae	gambiae
